clade	site	gene	alt
GB1	150	G	S
GB1	280	G	I
GB1	208	G	I
GB1	222	G	M
			
GB2	118	G	T
GB2	223	G	T
GB2	257	G	L
			
GB3	136	G	I
GB3	71	G	P
GB3	109	G	L
			
GB4	222	G	A
GB4	219	G	S
GB4	258	G	D
			
GB5	143	G	N
GB5	237	G	P
			
GB5.0.0	143	G	N
GB5.0.0	237	G	P
			
GB5.0.1	GB5	clade	
GB5.0.1	247	G	P
			
GB5.0.2	GB5.0.1	clade	
GB5.0.2	223	G	P
GB5.0.2	138	G	S
			
GB5.0.3	GB5.0.2	clade	
GB5.0.3	269	G	A
			
GB5.0.4a	282	G	T
GB5.0.4a	200	G	T
			
GB5.0.5a	GB5.0.0	clade	
GB5.0.5a	136	G	T
			
GB5.0.4b	153	G	R
GB5.0.4b	266	G	L
			
GB5.0.4c	GB5.0.3	clade	
GB5.0.4c	285	G	D
			
GB7	242	G	K
GB7	214	G	I
			
GB6	235	G	L
GB6	126	G	K
GB6	262	G	P
